{
 "pairs": [
  [
   " France",
   " China"
  ],
  [
   " Japan",
   " India"
  ],
  [
   " Italy",
   " Russia"
  ],
  [
   " Brazil",
   " Egypt"
  ],
  [
   " Spain",
   " Germany"
  ],
  [
   " Canada",
   " Mexico"
  ]
 ],
 "share_by_layer": {
  "0": {
   "0.0": {
    "mean": 0.0,
    "n": 24
   },
   "0.1": {
    "mean": 0.10000001763304074,
    "n": 24
   },
   "0.2": {
    "mean": 0.20000000794728598,
    "n": 24
   },
   "0.3": {
    "mean": 0.30000004172325134,
    "n": 24
   },
   "0.4": {
    "mean": 0.40000002086162567,
    "n": 24
   },
   "0.5": {
    "mean": 0.5,
    "n": 24
   },
   "0.6": {
    "mean": 0.6000000536441803,
    "n": 24
   },
   "0.7": {
    "mean": 0.7000000377496084,
    "n": 24
   },
   "0.8": {
    "mean": 0.8000000417232513,
    "n": 24
   },
   "0.9": {
    "mean": 0.9000000456968943,
    "n": 24
   },
   "1.0": {
    "mean": 1.0,
    "n": 24
   }
  },
  "1": {
   "0.0": {
    "mean": 0.0,
    "n": 24
   },
   "0.1": {
    "mean": 0.06690817636748154,
    "n": 24
   },
   "0.2": {
    "mean": 0.1516348496079445,
    "n": 24
   },
   "0.3": {
    "mean": 0.2541359967241685,
    "n": 24
   },
   "0.4": {
    "mean": 0.37163495024045307,
    "n": 24
   },
   "0.5": {
    "mean": 0.49805593863129616,
    "n": 24
   },
   "0.6": {
    "mean": 0.6248681470751762,
    "n": 24
   },
   "0.7": {
    "mean": 0.7433210561672846,
    "n": 24
   },
   "0.8": {
    "mean": 0.8468695109089216,
    "n": 24
   },
   "0.9": {
    "mean": 0.9324099148313204,
    "n": 24
   },
   "1.0": {
    "mean": 1.0,
    "n": 24
   }
  },
  "2": {
   "0.0": {
    "mean": 0.0,
    "n": 24
   },
   "0.1": {
    "mean": 0.0666249825929602,
    "n": 24
   },
   "0.2": {
    "mean": 0.1518879309296608,
    "n": 24
   },
   "0.3": {
    "mean": 0.25580372537175816,
    "n": 24
   },
   "0.4": {
    "mean": 0.3752475529909134,
    "n": 24
   },
   "0.5": {
    "mean": 0.5035927010079225,
    "n": 24
   },
   "0.6": {
    "mean": 0.6317141950130463,
    "n": 24
   },
   "0.7": {
    "mean": 0.7503150353829066,
    "n": 24
   },
   "0.8": {
    "mean": 0.8526110897461573,
    "n": 24
   },
   "0.9": {
    "mean": 0.9356805185476939,
    "n": 24
   },
   "1.0": {
    "mean": 1.0,
    "n": 24
   }
  },
  "3": {
   "0.0": {
    "mean": 0.0,
    "n": 24
   },
   "0.1": {
    "mean": 0.06008600645388166,
    "n": 24
   },
   "0.2": {
    "mean": 0.13909111265093088,
    "n": 24
   },
   "0.3": {
    "mean": 0.238679567972819,
    "n": 24
   },
   "0.4": {
    "mean": 0.3575671787063281,
    "n": 24
   },
   "0.5": {
    "mean": 0.48976393168171245,
    "n": 24
   },
   "0.6": {
    "mean": 0.6240148469805717,
    "n": 24
   },
   "0.7": {
    "mean": 0.7478625923395157,
    "n": 24
   },
   "0.8": {
    "mean": 0.8529986416300138,
    "n": 24
   },
   "0.9": {
    "mean": 0.9366376300652822,
    "n": 24
   },
   "1.0": {
    "mean": 1.0,
    "n": 24
   }
  },
  "4": {
   "0.0": {
    "mean": 0.0,
    "n": 24
   },
   "0.1": {
    "mean": 0.05757025831068555,
    "n": 24
   },
   "0.2": {
    "mean": 0.13589784409850836,
    "n": 24
   },
   "0.3": {
    "mean": 0.2373334045211474,
    "n": 24
   },
   "0.4": {
    "mean": 0.36032455414533615,
    "n": 24
   },
   "0.5": {
    "mean": 0.49721453214685124,
    "n": 24
   },
   "0.6": {
    "mean": 0.6341612413525581,
    "n": 24
   },
   "0.7": {
    "mean": 0.7575855975349745,
    "n": 24
   },
   "0.8": {
    "mean": 0.8601390570402145,
    "n": 24
   },
   "0.9": {
    "mean": 0.9402588481704394,
    "n": 24
   },
   "1.0": {
    "mean": 1.0,
    "n": 24
   }
  },
  "5": {
   "0.0": {
    "mean": 0.0,
    "n": 24
   },
   "0.1": {
    "mean": 0.05727141536772251,
    "n": 24
   },
   "0.2": {
    "mean": 0.13556017788747945,
    "n": 24
   },
   "0.3": {
    "mean": 0.2375762201845646,
    "n": 24
   },
   "0.4": {
    "mean": 0.36138272161285084,
    "n": 24
   },
   "0.5": {
    "mean": 0.49835653478900593,
    "n": 24
   },
   "0.6": {
    "mean": 0.6349668552478155,
    "n": 24
   },
   "0.7": {
    "mean": 0.7585906038681666,
    "n": 24
   },
   "0.8": {
    "mean": 0.8614393000801405,
    "n": 24
   },
   "0.9": {
    "mean": 0.9412178844213486,
    "n": 24
   },
   "1.0": {
    "mean": 1.0,
    "n": 24
   }
  },
  "6": {
   "0.0": {
    "mean": 0.0,
    "n": 24
   },
   "0.1": {
    "mean": 0.05517424984524647,
    "n": 24
   },
   "0.2": {
    "mean": 0.130717723009487,
    "n": 24
   },
   "0.3": {
    "mean": 0.23169434815645218,
    "n": 24
   },
   "0.4": {
    "mean": 0.3593447841703892,
    "n": 24
   },
   "0.5": {
    "mean": 0.5055733509361744,
    "n": 24
   },
   "0.6": {
    "mean": 0.6517008344332377,
    "n": 24
   },
   "0.7": {
    "mean": 0.7778368070721626,
    "n": 24
   },
   "0.8": {
    "mean": 0.875932422777017,
    "n": 24
   },
   "0.9": {
    "mean": 0.9481605887413025,
    "n": 24
   },
   "1.0": {
    "mean": 1.0,
    "n": 24
   }
  },
  "7": {
   "0.0": {
    "mean": 0.0,
    "n": 24
   },
   "0.1": {
    "mean": 0.04913422558456659,
    "n": 24
   },
   "0.2": {
    "mean": 0.11912352374444406,
    "n": 24
   },
   "0.3": {
    "mean": 0.21753062990804514,
    "n": 24
   },
   "0.4": {
    "mean": 0.3492223024368286,
    "n": 24
   },
   "0.5": {
    "mean": 0.5043215590218703,
    "n": 24
   },
   "0.6": {
    "mean": 0.6573403229316076,
    "n": 24
   },
   "0.7": {
    "mean": 0.7860965977112452,
    "n": 24
   },
   "0.8": {
    "mean": 0.8829069063067436,
    "n": 24
   },
   "0.9": {
    "mean": 0.9518411383032799,
    "n": 24
   },
   "1.0": {
    "mean": 1.0,
    "n": 24
   }
  },
  "8": {
   "0.0": {
    "mean": 0.0,
    "n": 24
   },
   "0.1": {
    "mean": 0.04351716783518592,
    "n": 24
   },
   "0.2": {
    "mean": 0.1062015217418472,
    "n": 24
   },
   "0.3": {
    "mean": 0.1969754577924808,
    "n": 24
   },
   "0.4": {
    "mean": 0.32688806888957816,
    "n": 24
   },
   "0.5": {
    "mean": 0.4938738172252973,
    "n": 24
   },
   "0.6": {
    "mean": 0.6667686228950819,
    "n": 24
   },
   "0.7": {
    "mean": 0.8029189631342888,
    "n": 24
   },
   "0.8": {
    "mean": 0.8959520235657692,
    "n": 24
   },
   "0.9": {
    "mean": 0.9581840584675471,
    "n": 24
   },
   "1.0": {
    "mean": 1.0,
    "n": 24
   }
  },
  "9": {
   "0.0": {
    "mean": 0.0,
    "n": 24
   },
   "0.1": {
    "mean": 0.03769191106160482,
    "n": 24
   },
   "0.2": {
    "mean": 0.09315684779236715,
    "n": 24
   },
   "0.3": {
    "mean": 0.17675866279751062,
    "n": 24
   },
   "0.4": {
    "mean": 0.30700457965334255,
    "n": 24
   },
   "0.5": {
    "mean": 0.487145076195399,
    "n": 24
   },
   "0.6": {
    "mean": 0.6804738119244576,
    "n": 24
   },
   "0.7": {
    "mean": 0.8229912196596464,
    "n": 24
   },
   "0.8": {
    "mean": 0.909902902940909,
    "n": 24
   },
   "0.9": {
    "mean": 0.9644795234004656,
    "n": 24
   },
   "1.0": {
    "mean": 1.0,
    "n": 24
   }
  },
  "10": {
   "0.0": {
    "mean": 0.0,
    "n": 24
   },
   "0.1": {
    "mean": 0.03597991385807594,
    "n": 24
   },
   "0.2": {
    "mean": 0.08789883895466725,
    "n": 24
   },
   "0.3": {
    "mean": 0.16504469886422157,
    "n": 24
   },
   "0.4": {
    "mean": 0.28817887231707573,
    "n": 24
   },
   "0.5": {
    "mean": 0.48401739324132603,
    "n": 24
   },
   "0.6": {
    "mean": 0.6990331411361694,
    "n": 24
   },
   "0.7": {
    "mean": 0.8361815909544627,
    "n": 24
   },
   "0.8": {
    "mean": 0.915170818567276,
    "n": 24
   },
   "0.9": {
    "mean": 0.9659731859962145,
    "n": 24
   },
   "1.0": {
    "mean": 1.0,
    "n": 24
   }
  },
  "11": {
   "0.0": {
    "mean": 0.0,
    "n": 24
   },
   "0.1": {
    "mean": 0.032123873475939035,
    "n": 24
   },
   "0.2": {
    "mean": 0.07798181691517432,
    "n": 24
   },
   "0.3": {
    "mean": 0.14628221994886795,
    "n": 24
   },
   "0.4": {
    "mean": 0.26194237110515434,
    "n": 24
   },
   "0.5": {
    "mean": 0.47234174485007924,
    "n": 24
   },
   "0.6": {
    "mean": 0.7162529354294142,