{
 "pairs": [
  [
   " France",
   " China"
  ],
  [
   " Japan",
   " India"
  ],
  [
   " Italy",
   " Russia"
  ],
  [
   " Brazil",
   " Egypt"
  ],
  [
   " Spain",
   " Germany"
  ],
  [
   " Canada",
   " Mexico"
  ]
 ],
 "share_by_layer": {
  "0": {
   "0.0": {
    "mean": 0.0,
    "n": 24
   },
   "0.1": {
    "mean": 0.10000001514951389,
    "n": 24
   },
   "0.2": {
    "mean": 0.2000000054637591,
    "n": 24
   },
   "0.3": {
    "mean": 0.29999999701976776,
    "n": 24
   },
   "0.4": {
    "mean": 0.40000002086162567,
    "n": 24
   },
   "0.5": {
    "mean": 0.5,
    "n": 24
   },
   "0.6": {
    "mean": 0.5999999940395355,
    "n": 24
   },
   "0.7": {
    "mean": 0.699999988079071,
    "n": 24
   },
   "0.8": {
    "mean": 0.8000000516573588,
    "n": 24
   },
   "0.9": {
    "mean": 0.8999999761581421,
    "n": 24
   },
   "1.0": {
    "mean": 1.0,
    "n": 24
   }
  },
  "1": {
   "0.0": {
    "mean": 0.0,
    "n": 24
   },
   "0.1": {
    "mean": 0.07347779689977567,
    "n": 24
   },
   "0.2": {
    "mean": 0.1619761704156796,
    "n": 24
   },
   "0.3": {
    "mean": 0.264974407851696,
    "n": 24
   },
   "0.4": {
    "mean": 0.3798578344285488,
    "n": 24
   },
   "0.5": {
    "mean": 0.5014583170413971,
    "n": 24
   },
   "0.6": {
    "mean": 0.6228730008006096,
    "n": 24
   },
   "0.7": {
    "mean": 0.7372436424096426,
    "n": 24
   },
   "0.8": {
    "mean": 0.8394925196965536,
    "n": 24
   },
   "0.9": {
    "mean": 0.9271306072672209,
    "n": 24
   },
   "1.0": {
    "mean": 1.0,
    "n": 24
   }
  },
  "2": {
   "0.0": {
    "mean": 0.0,
    "n": 24
   },
   "0.1": {
    "mean": 0.07462054242690404,
    "n": 24
   },
   "0.2": {
    "mean": 0.16431904397904873,
    "n": 24
   },
   "0.3": {
    "mean": 0.26831570143500966,
    "n": 24
   },
   "0.4": {
    "mean": 0.38358432923754054,
    "n": 24
   },
   "0.5": {
    "mean": 0.5047711469233036,
    "n": 24
   },
   "0.6": {
    "mean": 0.625195230046908,
    "n": 24
   },
   "0.7": {
    "mean": 0.7384648472070694,
    "n": 24
   },
   "0.8": {
    "mean": 0.8399046758810679,
    "n": 24
   },
   "0.9": {
    "mean": 0.9271717071533203,
    "n": 24
   },
   "1.0": {
    "mean": 1.0,
    "n": 24
   }
  },
  "3": {
   "0.0": {
    "mean": 0.0,
    "n": 24
   },
   "0.1": {
    "mean": 0.07562161516398191,
    "n": 24
   },
   "0.2": {
    "mean": 0.16614137527843317,
    "n": 24
   },
   "0.3": {
    "mean": 0.2706804635624091,
    "n": 24
   },
   "0.4": {
    "mean": 0.3860769694050153,
    "n": 24
   },
   "0.5": {
    "mean": 0.5069426037371159,
    "n": 24
   },
   "0.6": {
    "mean": 0.6267472878098488,
    "n": 24
   },
   "0.7": {
    "mean": 0.7393539498249689,
    "n": 24
   },
   "0.8": {
    "mean": 0.8402848194042841,
    "n": 24
   },
   "0.9": {
    "mean": 0.9272616679469744,
    "n": 24
   },
   "1.0": {
    "mean": 1.0,
    "n": 24
   }
  },
  "4": {
   "0.0": {
    "mean": 0.0,
    "n": 24
   },
   "0.1": {
    "mean": 0.07174538091445963,
    "n": 24
   },
   "0.2": {
    "mean": 0.15945271030068398,
    "n": 24
   },
   "0.3": {
    "mean": 0.26245647730926674,
    "n": 24
   },
   "0.4": {
    "mean": 0.37756339088082314,
    "n": 24
   },
   "0.5": {
    "mean": 0.4991603493690491,
    "n": 24
   },
   "0.6": {
    "mean": 0.6204301416873932,
    "n": 24
   },
   "0.7": {
    "mean": 0.7349366098642349,
    "n": 24
   },
   "0.8": {
    "mean": 0.8378230755527815,
    "n": 24
   },
   "0.9": {
    "mean": 0.9263791963458061,
    "n": 24
   },
   "1.0": {
    "mean": 1.0,
    "n": 24
   }
  },
  "5": {
   "0.0": {
    "mean": 0.0,
    "n": 24
   },
   "0.1": {
    "mean": 0.07401461992412806,
    "n": 24
   },
   "0.2": {
    "mean": 0.16312542061010996,
    "n": 24
   },
   "0.3": {
    "mean": 0.2668419759720564,
    "n": 24
   },
   "0.4": {
    "mean": 0.3822032113869985,
    "n": 24
   },
   "0.5": {
    "mean": 0.5036704801023006,
    "n": 24
   },
   "0.6": {
    "mean": 0.6244171609481176,
    "n": 24
   },
   "0.7": {
    "mean": 0.7380821531017622,
    "n": 24
   },
   "0.8": {
    "mean": 0.8399594177802404,
    "n": 24
   },
   "0.9": {
    "mean": 0.9274492636322975,
    "n": 24
   },
   "1.0": {
    "mean": 1.0,
    "n": 24
   }
  },
  "6": {
   "0.0": {
    "mean": 0.0,
    "n": 24
   },
   "0.1": {
    "mean": 0.07464702085902293,
    "n": 24
   },
   "0.2": {
    "mean": 0.16498789625863233,
    "n": 24
   },
   "0.3": {
    "mean": 0.2708496078848839,
    "n": 24
   },
   "0.4": {
    "mean": 0.38927776490648586,
    "n": 24
   },
   "0.5": {
    "mean": 0.514267003784577,
    "n": 24
   },
   "0.6": {
    "mean": 0.6380428845683733,
    "n": 24
   },
   "0.7": {
    "mean": 0.7529201855262121,
    "n": 24
   },
   "0.8": {
    "mean": 0.8529289613167444,
    "n": 24
   },
   "0.9": {
    "mean": 0.9351345573862394,
    "n": 24
   },
   "1.0": {
    "mean": 1.0,
    "n": 24
   }
  },
  "7": {
   "0.0": {
    "mean": 0.0,
    "n": 24
   },
   "0.1": {
    "mean": 0.07436387396107118,
    "n": 24
   },
   "0.2": {
    "mean": 0.16483972780406475,
    "n": 24
   },
   "0.3": {
    "mean": 0.27155494193236035,
    "n": 24
   },
   "0.4": {
    "mean": 0.39158282056450844,
    "n": 24
   },
   "0.5": {
    "mean": 0.5183928844829401,
    "n": 24
   },
   "0.6": {
    "mean": 0.643395351866881,
    "n": 24
   },
   "0.7": {
    "mean": 0.7583229641119639,
    "n": 24
   },
   "0.8": {
    "mean": 0.8571629300713539,
    "n": 24
   },
   "0.9": {
    "mean": 0.9373971025149027,
    "n": 24
   },
   "1.0": {
    "mean": 1.0,
    "n": 24
   }
  },
  "8": {
   "0.0": {
    "mean": 0.0,
    "n": 24
   },
   "0.1": {
    "mean": 0.06987804205467303,
    "n": 24
   },
   "0.2": {
    "mean": 0.15761311321208873,
    "n": 24
   },
   "0.3": {
    "mean": 0.26449347163240117,
    "n": 24
   },
   "0.4": {
    "mean": 0.38849424322446185,
    "n": 24
   },
   "0.5": {
    "mean": 0.5222079306840897,
    "n": 24
   },
   "0.6": {
    "mean": 0.6531995758414268,
    "n": 24
   },
   "0.7": {
    "mean": 0.7693470666805903,
    "n": 24
   },
   "0.8": {
    "mean": 0.8657037814458212,
    "n": 24
   },
   "0.9": {
    "mean": 0.9419276962677637,
    "n": 24
   },
   "1.0": {
    "mean": 1.0,
    "n": 24
   }
  },
  "9": {
   "0.0": {
    "mean": 0.0,
    "n": 24
   },
   "0.1": {
    "mean": 0.06761874041209619,
    "n": 24
   },
   "0.2": {
    "mean": 0.15377783309668303,
    "n": 24
   },
   "0.3": {
    "mean": 0.260022422298789,
    "n": 24
   },
   "0.4": {
    "mean": 0.38436272243658703,
    "n": 24
   },
   "0.5": {
    "mean": 0.5193751814464728,
    "n": 24
   },
   "0.6": {
    "mean": 0.652710256477197,
    "n": 24
   },
   "0.7": {
    "mean": 0.7707128251592318,
    "n": 24
   },
   "0.8": {
    "mean": 0.8673622210820516,
    "n": 24
   },
   "0.9": {
    "mean": 0.9429450755318006,
    "n": 24
   },
   "1.0": {
    "mean": 1.0,
    "n": 24
   }
  },
  "10": {
   "0.0": {
    "mean": 0.0,
    "n": 24
   },
   "0.1": {
    "mean": 0.06205291021615267,
    "n": 24
   },
   "0.2": {
    "mean": 0.1427093350018064,
    "n": 24
   },
   "0.3": {
    "mean": 0.24562840908765793,
    "n": 24
   },
   "0.4": {
    "mean": 0.3712434023618698,
    "n": 24
   },
   "0.5": {
    "mean": 0.5127264757951101,
    "n": 24
   },
   "0.6": {
    "mean": 0.6539560606082281,
    "n": 24
   },
   "0.7": {
    "mean": 0.7759365737438202,
    "n": 24
   },
   "0.8": {
    "mean": 0.8725412140289942,
    "n": 24
   },
   "0.9": {
    "mean": 0.9459154059489568,
    "n": 24
   },
   "1.0": {
    "mean": 1.0,
    "n": 24
   }
  },
  "11": {
   "0.0": {
    "mean": 0.0,
    "n": 24
   },
   "0.1": {
    "mean": 0.0557411746121943,
    "n": 24
   },
   "0.2": {
    "mean": 0.1306054349988699,
    "n": 24
   },
   "0.3": {
    "mean": 0.23113546706736088,
    "n": 24
   },
   "0.4": {
    "mean": 0.36163579672574997,
    "n": 24
   },
   "0.5": {
    "mean": 0.5162894849975904,
    "n": 24
   },
   "0.6": {
    "mean": 0.6713056042790413,